id	artist	official_title	date	technique	room	status	url	story_facts
E37a	Francisco de Goya	Carlos IV on Horseback	1799 - 1800	Oil on canvas	032	OFF	https://www.museodelprado.es/en/the-collection/art-work/carlos-iv-on-horseback/d0bdce6c-aa49-4c54-8c55-82071fb9a3fe	P000719. King wears uniform of colonel of the Guardia de Corps with royal orders incl. Order of Carlos III; painted as pendant to the Queen's equestrian portrait (same room); registered at Madrid Royal Palace 1814, entered Prado 1819.
E37b	Francisco de Goya	Queen Maria Luisa on Horseback	1799	Oil on canvas	032	OFF	https://www.museodelprado.es/en/the-collection/art-work/queen-maria-luisa-on-horseback/9bd956e0-d660-4a70-bf36-bf5ad69df7cf	P000720. Pendant to Carlos IV on Horseback; she rides 'Marcial', a horse given by Godoy, with El Escorial and the Guadarrama behind; Goya drew on Velázquez's equestrian Isabel de Borbón (which he had etched in 1778); letters between Queen and Godoy describe sittings Sept-Oct 1799.
E38	Francisco de Goya	The Countess of Chinchón	1800	Oil on unlined canvas	C	OFF	https://www.museodelprado.es/en/the-collection/art-work/the-countess-of-chinchon/bce64b6f-4648-42c0-9883-b08b20c6bf9a	P007767. NOTE: page shows 'Room C' (letter, not a numbered gallery) - verify on site. Sitter María Teresa de Borbón y Vallabriga, raised in a Toledo convent, married Godoy 1797; wheat ears in her hair evoke Ceres/fertility (she was expecting); X-rays show Goya reused a canvas with a standing Godoy and beneath that a young knight of the Order of Malta.
E39	Francisco de Goya	Self-Portrait	1815	Oil on canvas	036	OFF	https://www.museodelprado.es/en/the-collection/art-work/self-portrait/a3bf3226-62ba-44f2-9b94-aa7155c3c488	P000723. Goya shows himself vulnerable and calm; fast crossing 'Venetian' brushstrokes in the background vs finer detail on face; looks straight at the viewer (not into a mirror) and scratched his signature/date into the wet paint, possibly with the brush handle. (Same room also has tiny 1795 Self-Portrait P007775, 18x12 cm.)
E40	Francisco de Goya	The Milkmaid of Bordeaux	Ca. 1827	Oil on canvas	066	OFF	https://www.museodelprado.es/en/the-collection/art-work/the-milkmaid-of-bordeaux/b531f836-85c4-4cf3-b76a-70f3106d9e41	P002899. Painted near the end of his life in Bordeaux; light palette contrasts with the Black Paintings; low viewpoint makes her seem to ride a mule; milk jug behind her at left.
E41	Francisco de Goya	The Pottery Vendor	1778 - 1779	Oil on canvas	093	OFF	https://www.museodelprado.es/en/the-collection/art-work/the-pottery-vendor/d2a0e6c3-ab19-492d-bf68-3d9fedaafb52	P000780. Expected 093 CONFIRMED. Tapestry cartoon (original, 259x220) from series Mengs commissioned in Oct 1777 for the Asturias princes' bedroom at El Pardo; Goya's invoice describes Valencian crockery seller, two young ladies, old woman, lady in coach; read as vanitas / unfulfilled desire (lady in coach gazing wistfully).
E42	Mariano Fortuny	The Painter's Children in the Japanese Room	1874	Oil on canvas	063B	OFF	https://www.museodelprado.es/en/the-collection/art-work/the-painters-children-in-the-japanese-room/d3dce4e3-08bb-4bff-bbdc-6a3c445cce46	P002931. Expected 063B CONFIRMED. His son Mariano (~3) and daughter María Luisa in the Japanese Room of Villa Arata, Portici; meant as a gift for his father-in-law Federico de Madrazo, left unfinished at Fortuny's sudden death; flat walls, butterflies, fan and wide format show Japanese influence.
E43	Federico de Madrazo	Amalia de Llano y Dotres, Countess of Vilches	1853	Oil on unlined canvas	061	OFF	https://www.museodelprado.es/en/the-collection/art-work/amalia-de-llano-y-dotres-countess-of-vilches/5aa9dcdd-3e53-40bd-84f4-d5afad8cbfdd	P002878. Painted aged 32; she wrote novels (Berta, Ledia) and sang at Madrazo family soirées; Ingres-trained refinement - hand on fan, smile, gaze; Prado calls it the most emblematic 19th-c. work in its collection.
E44	Vicente López Portaña	The Painter Francisco de Goya	1826	Oil on canvas	062A	OFF	https://www.museodelprado.es/en/the-collection/art-work/the-painter-francisco-de-goya/d24dba94-d730-44c5-8b46-1f1732d2b571	P000864. Expected 062A CONFIRMED. Painted when 80-year-old Goya briefly returned from Bordeaux exile to settle his pension; his most famous likeness, more than his self-portraits; legend says Goya told López to leave it unfinished; inscription 'Lopez a su amigo Goya'.
E45a	Anton Raphael Mengs	Charles III	1767	Oil on canvas	039	OFF	https://www.museodelprado.es/en/the-collection/art-work/charles-iii/1e754324-0855-42b8-8430-732df3b54b5c	P002200 (the 1767 prime version; a 1774 version P5011 is a copy). Became the king's official image - Grimaldi had replicas sent to foreign courts incl. one requested by the Empress of Russia; armour, Golden Fleece, Holy Ghost order, baton; pendant to Queen Maria Amalia painted posthumously from other likenesses.
E45b	Anton Raphael Mengs	Self-portrait	1761 - 1769	Oil on panel	022	OFF	https://www.museodelprado.es/en/the-collection/art-work/selfportrait/6f125017-998e-4ded-9d55-94115e6d3add	P002197. Painted soon after he arrived in Spain: velvet gown, tools of his trade; loose sketchy technique lets the priming show through; Mengs also appears in his Adoration of the Shepherds (P2204). (Other 'Portrait of Mengs' pages are Carmona prints / Fabregat drawing - NOT on display.)
E46	Sébastien Bourdon	Queen Christina of Sweden, on Horseback	1653 - 1654	Oil on canvas	Ábside	OFF	https://www.museodelprado.es/en/the-collection/art-work/queen-christina-of-sweden-on-horseback/3060d326-6185-4cb4-b0cf-e1a225c19d7d	P001503. Artwork page location = 'Ábside' (no number); 2026 exhibition page 'Christina of Sweden. A passion for sculpture' places it in the Hall of the Muses - consistent with notes. Rearing horse = power; falconer/dogs = royal hunting; sent to Philip IV (she gave it herself) to affirm her Catholic alignment; hung in the Alcázar by 1666; near-identical copy in Stockholm Nationalmuseum.
E47a	Sébastien Bourdon	Queen Christina of Sweden	Ca. 1653	Oil on canvas	074	OFF	https://www.museodelprado.es/en/the-collection/art-work/queen-christina-of-sweden/b86e0fcb-65fc-42c8-a579-f106f3cb4301	P002402. Opens the Room 74 display (exhibition 10 Jun 2026 - 2 Jul 2027). Bourdon was her court painter from 1652; sceptre, plain black silk with a man's-style ribbon reflecting her masculine dress; only jewel a cameo ring - nod to her love of antiquity.
E47b	Roman workshop (restored in Bernini's workshop)	Sleeping Ariadne	150 - 175	White marble	074	OFF	https://www.museodelprado.es/en/the-collection/art-work/sleeping-ariadne/0bde93b6-77f3-4652-95bd-5a40ab444e60	E000167. Ariadne asleep on Naxos after Theseus abandoned her, Dionysus about to arrive; Roman copy of a Pergamene model c.150 BC, restored in Bernini's workshop; once called 'Cleopatra' (incl. in Christina's collection).
E47c	Roman workshop; Ercole Ferrata	Faun with Kid	130 - 150	Marble	074	OFF	https://www.museodelprado.es/en/the-collection/art-work/faun-with-kid/d11c55e4-a20f-48c5-956d-57b9d54b9200	E000029. Found 1675 near the Chiesa Nuova in an ancient sculptor's workshop (hence unfinished surface); restored by Ferrata; twisting pose seen as forerunner of Baroque; Christina -> Azzolino -> Odescalchi -> La Granja.
E47d	Roman workshop	Venus with a Tortoise	Ca. 150	White marble	074	OFF	https://www.museodelprado.es/en/the-collection/art-work/crouching-aphrodite/0349e03b-bf37-40d6-b432-1cf08e0e711c	E000033. Crouching bather after Doidalsas of Bithynia; tortoise = domestic virtue (carries its house, thought tongueless = quiet wife, per Plutarch); 17th-c. restorers raised her arm with a perfume bottle; Cardinal Massimo -> Christina -> Spain.
E47e	Roman workshop; Giulio Cartari	Clytie	130 - 150	White marble	074	OFF	https://www.museodelprado.es/en/the-collection/art-work/clytie/1be739ef-0165-4a85-87ad-1cda9b590d63	E000022. Ovid's nymph turned into a heliotrope gazing at the sun; ancient lower part, torso/head/arm added by Cartari 1665-80; sun motif evokes Christina's personal emblem; later in Isabel de Farnesio's collection.
E48a	Francisco de Goya	Leocadia Zorrilla (?)	1814 - 1816	Oil on canvas	066	OFF	https://www.museodelprado.es/en/the-collection/art-work/leocadia-zorrilla-/e840562e-758a-4580-ab94-9082f9450c0a	P000722. NOT the Black Painting 'La Leocadia'; long misidentified as Goya's wife Josefa Bayeu (she died 1812 aged 65, sitter is ~30s); dress details date it c.1812-14; sitter now tentatively Leocadia Zorrilla, Goya's companion.
E48b	Francisco de Goya	Ferdinand VII in Court Dress	1814 - 1815	Oil on canvas	066	OFF	https://www.museodelprado.es/en/the-collection/art-work/ferdinand-vii-in-court-dress/1b46165d-1ef7-4399-8282-7056bb901ad9	P000735. Purple ermine robe, sceptre with arms of Castile-León, Order of Carlos III, Golden Fleece; X-ray changes suggest Goya painted the king from life; Ferdinand abolished the Constitution and ruled as absolute monarch.
E48c	Francisco de Goya	Juan Bautista de Muguiro	1827	Oil on unlined canvas	066	OFF	https://www.museodelprado.es/en/the-collection/art-work/juan-bautista-muguiro/42825bed-a99f-441a-a91e-6a6d91953adc	P002898. Painted in Bordeaux May 1827 aged 81 - possibly his last known work; sitter a liberal banker exiled for his ideas; trembling loose strokes yet near-miniature face and hands. (Room 066 also = E40 Milkmaid.)
E48d	Francisco de Goya	"The 2nd of May 1808 in Madrid or ""The Fight against the Mamelukes"""	1814	Oil on canvas	064	OFF	https://www.museodelprado.es/en/the-collection/art-work/the-2nd-of-may-1808-in-madrid-or-the-fight/57dacf2e-5d10-4ded-85aa-9ff6f741f6b1	P000748. NOTE Room 064 (not 065/066) - no Goya found confirmed in 065. Commissioned by the Regency 1814; Goya painted only two May 1808 scenes, not four; damaged in a 1938 truck accident at Benicarló, restored 2007-08.
E48e	Francisco de Goya	"The 3rd of May 1808 in Madrid or ""The Executions"""	1814	Oil on canvas	064	OFF	https://www.museodelprado.es/en/the-collection/art-work/the-3rd-of-may-1808-in-madrid-or-the-executions/5e177409-2993-4240-97fb-847a02c6496c	P000749. Room 064. Pendant to 2nd of May; faceless firing squad vs lit victims; lower-left damage from 1937 Civil War transfer to Valencia.
E48f	Francisco de Goya	General José de Palafox on Horseback	1814	Oil on canvas	064	OFF	https://www.museodelprado.es/en/the-collection/art-work/general-jose-de-palafox-on-horseback/b27fe2e2-d65c-4738-b9cf-a4e324c3b1f1	P000725. Room 064. Hero of the 1808 siege of Zaragoza; commissioned by the sitter; theatrical pose hints at vanity; bequeathed by his son.
E48g	Francisco de Goya	Ferdinand VII at an Encampment	After 1815	Oil on canvas	064	OFF	https://www.museodelprado.es/en/the-collection/art-work/ferdinand-vii-at-an-encampment/eb432c33-5391-4e84-b55f-14281c36d416	P000724. Room 064. Probably commissioned by the School of Highway Engineers; engineers at work behind; no campaign explains the king in a camp - a puzzle.
E49a	Sofonisba Anguissola	Philip II	1573	Oil on canvas	055	OFF	https://www.museodelprado.es/en/the-collection/art-work/philip-ii/7d7280d6-5603-488a-8521-933acc357d7a	P001036. Room 055 (Spanish court portraits). Pendant to her Anne of Austria; X-ray shows she replaced a bulky cape and moved his hand to the chair arm; golden rosary alludes to Lepanto.
E49b	Alonso Sánchez Coello	Infantas Isabel Clara Eugenia and Catalina Micaela	Ca. 1575	Oil on canvas	055	OFF	https://www.museodelprado.es/en/the-collection/art-work/the-infantas-isabel-clara-eugenia-and-catalina/739df39f-78e9-4261-af91-149b55547573	P001138. Philip II's daughters, painted repeatedly to plan marriages; later Duchess of Savoy and Governor of the Netherlands; wreath may borrow from Van Eyck's Arnolfini (then in Philip II's collection).
E49c	Juan Pantoja de la Cruz (after Sofonisba Anguissola)	Queen Elisabeth of Valois	Ca. 1605	Oil on canvas	055	OFF	https://www.museodelprado.es/en/the-collection/art-work/queen-elisabeth-of-valois/4bf43b3b-a3cf-44ef-aaf8-928b4ca51e0b	P001030. Copy replacing Sofonisba's original lost in the 1604 El Pardo fire; gold marten's head hints at duty to bear an heir; Sofonisba was the queen's lady-in-waiting and painting teacher.
E49d	Anthonis Mor	Mary Tudor, Queen of England	1554	Oil on panel	056	OFF	https://www.museodelprado.es/en/the-collection/art-work/mary-tudor-queen-of-england/aef6ebc4-081a-44e6-974d-6c24aef95fc4	P002108. Painted on Charles V's orders when Mary married Prince Philip (11 years younger) in 1554; pose follows Raphael's Julius II; Mor softened plain features with majesty.
E49e	Adriaen Thomasz. Key	Family Portrait	1583	Oil on panel	056	OFF	https://www.museodelprado.es/en/the-collection/art-work/family-portrait/e56ace1a-f129-4ea9-8de9-af9c1b3d7769	P007614. Father and six children; hourglass and skull = vanitas; absent mother suggests a family united in grief; bought 1992 (Villaescusa Legacy).
E49f	Attributed to Federiciano workshop	Head of a Beardless Youth	Ca. 1250	Marble	058B	OFF	https://www.museodelprado.es/en/the-collection/art-work/head-of-a-beardless-youth/3533d552-f965-43fa-9421-98de70579098	E000228. Only 058B item found. Bears Philip V's cross mark; marble possibly reused from antiquity; style named after Emperor Frederick II 'Stupor Mundi' whose love of antiquity sparked a proto-Renaissance.
E49g	Master of Perea	The Visitation	Ca. 1500	Oil on panel	050	OFF	https://www.museodelprado.es/en/the-collection/art-work/the-visitation/03aca1f0-8cf3-4f8e-8df9-f10c9964446a	P002678. Valencian taste for gold; Renaissance architecture with Flemish-style figures; angels guide Mary and Joseph; Pablo Bosch bequest 1916; original frame catalogued separately.
E49h	Vicente Macip	The Visitation	1540 - 1545	Oil on panel	051	OFF	https://www.museodelprado.es/en/the-collection/art-work/the-visitation/b12ebd3c-2220-48ac-a7a8-8953a4091791	P000851. Raphael-influenced poses; Flemish-style landscape includes Baptism of Christ; round panel pair with Martyrdom of St Agnes from San Julián, Valencia.
E49i	Juan de Juanes	The Burial of Saint Stephen	1555 - 1562	Oil on panel	051	OFF	https://www.museodelprado.es/en/the-collection/art-work/the-burial-of-saint-stephen/fc4f3975-176a-4729-97c0-eeab0fe9de72	P000842. From the San Esteban altarpiece, Valencia (with Juanes' Last Supper); composition echoes the Entombment of Christ; a man in contemporary dress looking out is probably a patron.
E49j	Pere Nicolau	Our Lady of Humility	Ca. 1400	Tempera on panel (mixed method)	051B	OFF	https://www.museodelprado.es/en/the-collection/art-work/our-lady-of-humility/df72ec7b-2aca-40b0-ab4b-296f96b002e7	P002707. Mary seated on a cushion, not a throne - closer to worshippers (mendicant devotion); soft Valencian International Gothic; Pablo Bosch bequest 1916.
E49k	Attributed to Gonçal Peris Sarrià	Virgen de la Leche with Saint Bernard and Saint Benedict	1415	Gilded, Tempera on panel	051B	OFF	https://www.museodelprado.es/en/the-collection/art-work/virgen-de-la-leche-with-saint-bernard-and-saint/9c44dde7-229f-49ac-a60c-d6be765ee74e	P008446. Lactation miracle: milk from the Virgin's breast gives St Bernard eloquence; etched gold background; bought 2022 at Subastas Segre.
E49l	Anonymous	The Creation of Adam, Hermitage of Vera Cruz, Maderuelo (Segovia)	XII century	Fresco transferred to canvas	051C	OFF	https://www.museodelprado.es/en/the-collection/art-work/the-creation-of-adam-the-hermitage-of-the-vera/52e8a064-dfad-43db-a9f9-939eeba21869	P007285. Whole Romanesque chapel interior removed 1947 and rebuilt in the Prado; paired with Original Sin; flat outlined figures compared to the Master of Tahull.
E49m	Bartolomé Bermejo	Saint Dominic of Silos enthroned as a Bishop	1474 - 1477	Oil on panel	051A	OFF	https://www.museodelprado.es/en/the-collection/art-work/saint-dominic-of-silos-enthroned-as-a-bishop/f4cd7ad1-cc50-48fe-86f5-71dfe6672db1	P001323. EXTRA (051A, adjacent). Centre of Daroca altarpiece; Flemish-style realism in vestments and gilded throne; virtues personified around him; Prado acquired 1920.
E49n	Fernando Gallego	Pietà	1465 - 1470	Mixed method on pine panel	051A	OFF	https://www.museodelprado.es/en/the-collection/art-work/the-pieta/3dde0001-e1c7-4595-a282-1e4dc9e40f35	P002998. EXTRA (051A). No wounds or blood - drama from the embrace and tears; tiny donors pray 'Miserere mei Domine'; probably for a funerary monument.
E49o	Juan de Flandes	Saint James the Pilgrim	1496 - 1497	Oil on panel	051A	OFF	https://www.museodelprado.es/en/the-collection/art-work/saint-james-the-pilgrim/01662a51-e1e0-4e81-bb41-b3ac954c89c8	P007710. EXTRA (051A). Scallop-shell pilgrim of Compostela; Juan de Flandes served Isabella the Catholic and lost his salary at her death.
E49p	Miguel Ximénez	Saint Michael the Archangel	1475 - 1485	Mixed method on panel	051A	OFF	https://www.museodelprado.es/en/the-collection/art-work/saint-michael-the-archangel/250d0fb4-a5c8-4f35-a08d-432a3056f68f	P006895. EXTRA (051A). Left panel of Pietà altarpiece from Ejea de los Caballeros; armoured archangel spears a dragon-demon.
E49q	Rogier van der Weyden	The Descent from the Cross	Before 1443	Oil on panel	058	OFF	https://www.museodelprado.es/en/the-collection/art-work/the-descent-from-the-cross/856d822a-dd22-4425-bebd-920a1d416aa7	P002825. EXTRA (058, next to 058B). Made for the Leuven crossbowmen's guild (tiny crossbows in corners); skull marks Adam's grave; fainting Virgin mirrors dead Christ.
E49r	Workshop of Hieronymus Bosch	The Temptations of Saint Anthony Abbot	1510 - 1515	Oil on oak panel	056A	OFF	https://www.museodelprado.es/en/the-collection/art-work/the-temptations-of-saint-anthony-abbot/96647605-48f3-4250-95c9-729d7d6288ea	P002913. EXTRA (056A, not 056). Dendro dates it to Bosch's lifetime; probably a close follower; focuses on Eve's sin (apple), brothel symbols.
E50a	Guido Reni	Saint Sebastian	Ca. 1619	Oil on canvas	004	OFF	https://www.museodelprado.es/en/the-collection/art-work/saint-sebastian/d98d334e-a7f4-44eb-9d7c-7cfc689a6d5b	P000211. One of five versions (Louvre, Dulwich, Ponce, Auckland); a 1619 letter mentions a patron awaiting 'the arrow-pierced Martyr'; Isabel Farnese owned it at La Granja 1746; cleaning removed repaints on the loincloth.
E50b	Guercino	Susannah and the Elders	1617	Oil on canvas	006	OFF	https://www.museodelprado.es/en/the-collection/art-work/susannah-and-the-elders/9c9b3611-5c80-457d-a99a-e5580f3074e6	P000201. Painted for Cardinal Alessandro Ludovisi; Daniel 13 story; Susanna's pose from the Crouching Aphrodite; an elder reaches toward us, making viewers voyeurs.
E50c	Theodoor Rombouts	The Tooth-puller	1620 - 1625	Oil on canvas	007	OFF	https://www.museodelprado.es/en/the-collection/art-work/the-tooth-puller/b898ccdf-6fec-466a-9499-7dc6d6f69027	P001635. Quack wears a necklace of pulled teeth as advertising; diplomas possibly fake; Caravaggesque crowd watching and waiting their turn.
E50d	Massimo Stanzione	The Beheading of Saint John the Baptist	Ca. 1635	Oil on canvas	007A	OFF	https://www.museodelprado.es/en/the-collection/art-work/the-beheading-of-saint-john-the-baptist/dd998887-840e-469b-9f27-677c754aa5f4	P000258. EXTRA (007A). Part of a Baptist series for the Buen Retiro also commissioned from Artemisia Gentileschi; moment before the blow; strong chiaroscuro.
E50e	Jusepe de Ribera	The Sense of Touch	1632	Oil on canvas	008	OFF	https://www.museodelprado.es/en/the-collection/art-work/the-sense-of-touch/ef9c0082-9fe9-4d80-96ea-f5dcb2a88b1c	P001112. Blind man feeling a sculpted head - the paragone debate (painting vs sculpture, which can be known by touch); once misidentified as blind sculptor Gonnelli; earlier version in Norton Simon, Pasadena.
E50f	Jusepe de Ribera	Saint Bartholomew	1630 - 1635	Oil on canvas	008	OFF	https://www.museodelprado.es/en/the-collection/art-work/saint-bartholomew/4818e314-6b68-4828-8397-57c5e051507e	P001099. From an apostle series (Counter-Reformation); holds the knife of his flaying; Alcázar inventory 1701-03 valued it at 50 doubloons.
E50g	Anonymous (circle/after El Greco)	The Adoration of the Shepherds	1900 - 1930	Oil on canvas	040	OFF	https://www.museodelprado.es/en/the-collection/art-work/the-adoration-of-the-shepherds/d8517f03-21eb-400b-8c86-ed6532ca626d	P007077. Room 040 is the 'Sala de Copias' (copies room). A 20th-c. El Greco pastiche/fake - an old inventory labels it 'Greco (falso)'; X-ray shows a much later added figure.
E50h	Manuel Ramírez Ibáñez (copy after Titian)	Sacred and Profane Love	1881 - 1882	Oil on canvas	040	OFF	https://www.museodelprado.es/en/the-collection/art-work/sacred-and-profane-love/283bbbde-3035-46c6-b4e2-0085e459de79	P007782. Full-scale copy of the Borghese Titian made by a Rome pensionado as training; page says it is in the museum's 'Sala de Copias'; reached the Prado 2016.
E50i	Titian	Christ carrying the Cross	Ca. 1565	Oil on canvas	043	OFF	https://www.museodelprado.es/en/the-collection/art-work/christ-carrying-the-cross/657fa964-0040-48df-971e-88f0de5c6714	P000438. Later version of a subject first painted for Philip II's chapel at El Escorial; Simon of Cyrene may portray mosaicist Francesco Zuccato; Christ's tearful gaze meets ours.
E50j	Titian	Salome	Ca. 1550	Oil on canvas	043	OFF	https://www.museodelprado.es/en/the-collection/art-work/salome/0f359b90-2055-4326-bbbe-775dbfa7c504	P000428. Strips away the servant and setting of his 1516 Doria Pamphilj version; Lavinia-as-model claim rejected; X-rays show her left arm and eyes were moved.
E50k	Paolo Veronese	Penitent Magdalen	1583	Oil on canvas	043	OFF	https://www.museodelprado.es/en/the-collection/art-work/penitent-magdalen/59e22fef-2c99-4054-ae67-12e5a55d4963	P000498. Painted after his 1573 Inquisition interrogation over Feast in the House of Levi - darker, simpler, more modest; tears = contrition (Chrysostom).
