id	artist	official_title	date	technique	room	status	url	note
047	Bartolomé Bermejo	Saint Dominic of Silos enthroned as a Bishop	1474 - 1477	Oil on panel	051A	OFF	https://www.museodelprado.es/en/the-collection/art-work/saint-dominic-of-silos-enthroned-as-a-bishop/f4cd7ad1-cc50-48fe-86f5-71dfe6672db1	P001323; On Display
049	Fra Angelico	The Annunciation (La Anunciación)	1425 - 1426	Tempera on poplar panel (Témpera sobre tabla de madera de chopo)	056B	OFF	https://www.museodelprado.es/coleccion/obra-de-arte/la-anunciacion/9b02b6c9-3618-4a92-a6b7-26f9076fcb67	P000015; Sala 056B (Expuesto); EN page fetch failed twice, read from ES page
050	Andrea Mantegna	The Death of the Virgin	Ca. 1462	Mixed method on panel	056B	OFF	https://www.museodelprado.es/en/the-collection/art-work/the-death-of-the-virgin/6ebfe544-41dd-44ac-a217-d7ba24fc0d48	P000248; On Display
051a	Sandro Botticelli	Scenes from The Story of Nastagio degli Onesti (panel I)	1483	Mixed method on panel	056B	OFF	https://www.museodelprado.es/en/the-collection/art-work/scenes-from-the-story-of-nastagio-degli-onesti/6620fb36-c65d-497b-8283-92cef5bc08de	P002838; On Display
051b	Sandro Botticelli	Scenes from the Story of Nastagio degli Onesti (panel II)	1483	Mixed method on panel	056B	OFF	https://www.museodelprado.es/en/the-collection/art-work/scenes-from-the-story-of-nastagio-degli-onesti/729a99fb-ef2b-41b3-8d81-e3fe3d313240	P002839; On Display
051c	Sandro Botticelli	Scenes from the Story of Nastagio degli Onesti (panel III)	1483	Mixed method on panel	056B	OFF	https://www.museodelprado.es/coleccion/obra-de-arte/escenas-de-la-historia-de-nastagio-degli-onesti/8fe1ac8b-2a99-447f-99f7-e4e90a421991	P002840; Sala 056B (Expuesto); read from ES page (EN fetch error); panel IV is in a private collection
052	Antonello da Messina	The Dead Christ supported by an Angel	1475 - 1476	Mixed method on panel	058	OFF	https://www.museodelprado.es/en/the-collection/art-work/the-dead-christ-supported-by-an-angel/72db315d-b70e-42ed-86e0-42c86b665634	P003092; On Display
053	Raphael (Raffaello Sanzio)	The Cardinal	1510 - 1511	Oil on panel	049	OFF	https://www.museodelprado.es/en/the-collection/art-work/the-cardinal/4c01eae6-feed-4135-88d9-6736140212fb	P000299; On Display
054	Raphael (Raffaello Sanzio)	The Holy Family, or 'The Pearl'	Ca. 1518	Oil on panel	049	OFF	https://www.museodelprado.es/en/the-collection/art-work/the-holy-family-or-the-pearl/f3d745b8-f800-437a-a664-9f3d065ce127	P000301; On Display
055	Rogier van der Weyden	The Descent from the Cross	Before 1443	Oil on panel	058	OFF	https://www.museodelprado.es/en/the-collection/art-work/the-descent-from-the-cross/856d822a-dd22-4425-bebd-920a1d416aa7	P002825; On Display; permanent loan from Patrimonio Nacional (El Escorial)
057	Hieronymus Bosch	The Garden of Earthly Delights Triptych	1490 - 1500	Grisaille, Oil on oak panel	056A	OFF	https://www.museodelprado.es/en/the-collection/art-work/the-garden-of-earthly-delights-triptych/02388242-6d6a-4e9e-a992-e1311eab3609	P002823; On Display; permanent loan from Patrimonio Nacional (El Escorial)
058	Hieronymus Bosch	The Haywain Triptych	1512 - 1515	Oil on panel	056A	OFF	https://www.museodelprado.es/en/the-collection/art-work/the-haywain-triptych/7673843a-d2b6-497a-ac80-16242b36c3ce	P002052; On Display
059a	Hieronymus Bosch	The Extraction of the Stone of Madness	1501 - 1505	Oil on baltic oak planks	056A	OFF	https://www.museodelprado.es/en/the-collection/art-work/the-extraction-of-the-stone-of-madness/313db7a0-f9bf-49ad-a242-67e95b14c5a2	P002056; On Display
059b	Hieronymus Bosch	Table of the Seven Deadly Sins	1505 - 1510	Oil on poplar panel	056A	OFF	https://www.museodelprado.es/en/the-collection/art-work/table-of-the-seven-deadly-sins/3fc0a84e-d77d-4217-b960-8a34b8873b70	P002822; On Display; permanent loan from Patrimonio Nacional (El Escorial)
060	Hans Memling	Triptych of the Adoration of the Magi	1470 - 1472	Oil on baltic oak planks	058A	OFF	https://www.museodelprado.es/en/the-collection/art-work/triptych-of-the-adoration-of-the-magi/0efd3706-0f54-4a23-87e3-dc8cd930e85a	P001557; On Display
061	Joachim Patinir	Charon crossing the Styx	1520 - 1524	Oil on panel	055A	OFF	https://www.museodelprado.es/en/the-collection/art-work/wd/c51349b6-049e-476c-a388-5ae6d301e8c1	P001616; On Display; official title is "Charon crossing the Styx"
062	Pieter Bruegel the Elder	The Triumph of Death (El triunfo de la Muerte)	1562 - 1563	Oil on panel (Óleo sobre tabla)	055A	OFF	https://www.museodelprado.es/coleccion/obra-de-arte/el-triunfo-de-la-muerte/d3d82b0b-9bf2-4082-ab04-66ed53196ccc	P001393; Sala 055A (Expuesto); EN page fetch error, read from ES page (EN URL /en/the-collection/art-work/the-triumph-of-death/d3d82b0b-9bf2-4082-ab04-66ed53196ccc)
063	Albrecht Dürer	Self-portrait	1498	Oil on panel	055B	OFF	https://www.museodelprado.es/en/the-collection/art-work/selfportrait/8417d190-eb9d-4c52-9c89-dcdcd0109b5b	P002179; On Display
064a	Albrecht Dürer	Adam	1507	Oil on panel	055B	OFF	https://www.museodelprado.es/en/the-collection/art-work/adam/25804757-ea25-4aba-903b-eaced6859754	P002177; On Display
064b	Albrecht Dürer	Eve	1507	Oil on panel	055B	OFF	https://www.museodelprado.es/en/the-collection/art-work/eve/930c0fdf-fcfc-47df-b216-e375f5719084	P002178; On Display
066	Francisco de Goya y Lucientes	The 3rd of May 1808 in Madrid or "The Executions"	1814	Oil on canvas	064	OFF	https://www.museodelprado.es/en/the-collection/art-work/the-3-of-may-in-madrid-or-the-executions/5e177409-2993-4240-97fb-847a02c6496c	P000749; On Display
067	Francisco de Goya y Lucientes	The 2nd of May 1808 in Madrid or "The Fight against the Mamelukes"	1814	Oil on canvas	064	OFF	https://www.museodelprado.es/en/the-collection/art-work/the-2nd-of-may-1808-in-madrid-or-the-fight/57dacf2e-5d10-4ded-85aa-9ff6f741f6b1	P000748; On Display (other GUID f9429c69 is a Galván print, not on display)
068a	Francisco de Goya y Lucientes	Saturn	1820 - 1823	Mixed method on mural transferred to canvas	067	OFF	https://www.museodelprado.es/en/the-collection/art-work/saturn/18110a75-b0e7-430c-bc73-2a4d55893bd6	P000763; On Display
068b	Francisco de Goya y Lucientes	Witches' Sabbath, or the Great He-Goat	1820 - 1823	Oil on mural transferred to canvas	067	OFF	https://www.museodelprado.es/en/the-collection/art-work/witches-sabbath-or-the-great-he-goat/09559184-cfeb-48fe-8acc-89b070b64d92	P000761; On Display
068c	Francisco de Goya y Lucientes	Duel with Cudgels, or Fight to the Death with Clubs	1820 - 1823	Mixed method on mural transferred to canvas	067	OFF	https://www.museodelprado.es/en/the-collection/art-work/duel-with-cudgels-or-fight-to-the-death-with-clubs/2f2f2e12-ed09-45dd-805d-f38162c5beaf	P000758; On Display
068d	Francisco de Goya y Lucientes	The Drowning Dog	1820 - 1823	Mixed method on mural transferred to canvas	067	OFF	https://www.museodelprado.es/en/the-collection/art-work/the-dog/4ea6a3d1-00ee-49ee-b423-ab1c6969bca6	P000767; On Display; official EN title is "The Drowning Dog"
070	Vicente López Portaña	The Painter Francisco de Goya	1826	Oil on canvas	062A	OFF	https://www.museodelprado.es/en/the-collection/art-work/the-painter-francisco-de-goya/d24dba94-d730-44c5-8b46-1f1732d2b571	P000864; On Display
071	Eduardo Rosales Gallinas	Queen Isabella the Catholic dictating her Will	1864	Oil on canvas	061B	OFF	https://www.museodelprado.es/en/the-collection/art-work/queen-isabella-the-catholic-dictating-her-will/907d2c98-eb35-4f1b-a39d-65bff0322faa	P004625; On Display; 287 x 398 cm final painting (other GUIDs are studies)
072	Antonio Gisbert Pérez	Execution of Torrijos and his Companions on the Beach at Málaga	1888	Oil on canvas	075	OFF	https://www.museodelprado.es/en/the-collection/art-work/execution-of-torrijos-and-his-companions-on-the/cc128630-425b-4752-a805-008d26556bbb	P004348; On Display; 392.5 x 602.5 cm original
073	Mariano Fortuny	The Painter's Children in the Japanese Room	1874	Oil on canvas	063B	OFF	https://www.museodelprado.es/en/the-collection/art-work/the-painters-children-in-the-japanese-room/d3dce4e3-08bb-4bff-bbdc-6a3c445cce46	P002931; On Display
074	Joaquín Sorolla y Bastida	Boys on the Beach	1909	Oil on canvas	060A	OFF	https://www.museodelprado.es/en/the-collection/art-work/boys-on-the-beach/edd7a202-c069-49f1-a3f4-eacf9b4022c2	P004648; On Display
075	Pupil of Pasiteles (Anonymous Roman)	Orestes and Pylades or The San Ildefonso Group	Ca. 10 a.C. (ca. 10 BC)	White Carrara marble (sculpted)	071	OFF	https://www.museodelprado.es/en/the-collection/art-work/orestes-and-pylades-or-the-san-ildefonso-group/a3dbf0c5-cf98-46c7-a02b-f82db6dcab62	E000028; On Display; Prado attributes to "Pupil of Pasiteles"
077	Francisco de Goya y Lucientes	The Threshing Ground or Summer	1786	Oil on canvas	085	OFF	https://www.museodelprado.es/en/the-collection/art-work/the-threshing-ground-or-summer/ec1c94c1-b21c-4330-9516-1c0d8078e87e	P000794; On Display; full-scale tapestry cartoon 277 x 642 cm
078	Francisco de Goya y Lucientes	The Parasol	1777	Oil on canvas	090	OFF	https://www.museodelprado.es/en/the-collection/art-work/the-parasol/a230a80f-a899-4535-9e90-ad883bd096c5	P000773; On Display
X7a	Francisco de Goya y Lucientes	The Pottery Vendor	1778 - 1779	Oil on canvas	093	OFF	https://www.museodelprado.es/en/the-collection/art-work/the-pottery-vendor/d2a0e6c3-ab19-492d-bf68-3d9fedaafb52	P000780; On Display; tapestry cartoon
X7b	Francisco de Goya y Lucientes	The Snowstorm or Winter	1786	Oil on canvas	085	OFF	https://www.museodelprado.es/en/the-collection/art-work/the-snowstorm-or-winter/4792e788-9131-4c68-a5a9-b0ed05063ad8	P000798; On Display; tapestry cartoon 277 x 303.4 cm
080	Rembrandt Harmensz. van Rijn	Judith at the Banquet of Holofernes	1634	Oil on canvas	076	OFF	https://www.museodelprado.es/en/the-collection/art-work/judith-at-the-banquet-of-holofernes/08f69e61-f7c5-43f9-a76d-b24fbdc63681	P002132; On Display
081	Jan Brueghel the Elder; Peter Paul Rubens	The Sense of Sight	1617	Oil on panel	083	OFF	https://www.museodelprado.es/en/the-collection/art-work/the-sense-of-sight/494fd4d5-16d2-4857-811b-e0b2a0eb7fc7	P001394; On Display; rest of Five Senses series also Room 083
082	Clara Peeters	Still Life with a Sparrow Hawk, Fowl, Porcelain and Shells	1611	Oil on panel	082	OFF	https://www.museodelprado.es/en/the-collection/art-work/still-life-with-a-sparrow-hawk-fowl-porcelain-and/11137fd7-e7a6-46d0-8345-08172ee26193	P001619; On Display
083	Anonymous (Treasure of the Dauphin)	Cup with a gold mermaid	1550 - 1575	Enamel, Diamond, Agate, Gold, Ruby (sculpted, repoussé, enamelled)	079B	OFF	https://www.museodelprado.es/en/the-collection/art-work/cup-with-a-gold-mermaid/7c5c75d3-d70c-418a-ae52-9d3591fb8713	O000001; On Display
